,Training Sets,Test Errors
0,D_train100,0.18484997749328613
1,D_train200,0.17359000444412231
2,D_train500,0.1740400195121765
3,D_train1000,0.16631001234054565
4,D_train2000,0.20257997512817383
5,D_train5000,0.14926999807357788
