,Training Sets,Test Errors
0,D_train100,0.18564999103546143
1,D_train200,0.17378002405166626
2,D_train500,0.17357999086380005
3,D_train1000,0.16421997547149658
4,D_train2000,0.15793001651763916
5,D_train5000,0.14981001615524292
